Model,RMSE,MAE,R2
Linear Regression,2.055146741365592,1.9611612054346221,0.7742285026914792
Xgboost,2.222687559817948,1.9459351852766082,0.7359171019593131
Random Forest,2.989729741510133,2.3848841233922506,0.5221987261878432
