,MAE,RMSE,R2
XGBoost,3.8538125480339787,4.751982340702831,0.6735968837459172
Random Forest,3.8285573895720697,4.7542335956765,0.6732875430766381
Gradient Boosting,3.8899350531905905,4.783330574121588,0.6692761979838
Ensemble,3.833849765218076,4.741329728484126,0.6750586520331003
